<beans xmlns="http://www.springframework.org/schema/beans"
	xmlns:xsi="http://www.w3.org/2001/XMLSchema-instance" xmlns:context="http://www.springframework.org/schema/context"
	xmlns:tx="http://www.springframework.org/schema/tx" xmlns:aop="http://www.springframework.org/schema/aop"
	xsi:schemaLocation="
	http://www.springframework.org/schema/beans
	http://www.springframework.org/schema/beans/spring-beans-3.0.xsd 
	http://www.springframework.org/schema/context
	http://www.springframework.org/schema/context/spring-context-3.0.xsd
	http://www.springframework.org/schema/tx
	http://www.springframework.org/schema/tx/spring-tx.xsd
	http://www.springframework.org/schema/aop
	http://www.springframework.org/schema/aop/spring-aop.xsd">

	<!-- Scan do pacote para processar annotations -->
	<context:component-scan base-package="br.com.eventos">
		<context:include-filter type="annotation"
			expression="org.aspectj.lang.annotation.Aspect" />
	</context:component-scan>

	<!-- conexao.properties -->
	<bean
		class="org.springframework.beans.factory.config.PropertyPlaceholderConfigurer">
		<property name="location" value="classpath:conexao.properties" />
	</bean>

	<bean id="entityManagerFactory"
		class="org.springframework.orm.jpa.LocalContainerEntityManagerFactoryBean">
		<property name="dataSource" ref="dataSource" />
		<property name="packagesToScan" value="br.com.eventos.model" />

		<property name="jpaVendorAdapter">
			<bean class="org.springframework.orm.jpa.vendor.HibernateJpaVendorAdapter" />
		</property>

		<property name="persistenceUnitName" value="PU" />
	</bean>

	<!-- DataSource usando um pool C3P0 -->
	<bean id="dataSource" class="com.mchange.v2.c3p0.ComboPooledDataSource"
		destroy-method="close">
		<property name="driverClass" value="${jdbc.driver_class}" />
		<property name="user" value="${jdbc.username}" />
		<property name="password" value="${jdbc.password}" />
		<property name="jdbcUrl" value="${jdbc.url}" />

		<property name="maxPoolSize" value="10" />
		<property name="acquireIncrement" value="2" />
		<property name="maxIdleTime" value="120" />
		<property name="acquireRetryAttempts" value="10" />
		<property name="initialPoolSize" value="2" />
	</bean>

	<bean id="transactionManager" class="org.springframework.orm.jpa.JpaTransactionManager">
		<property name="entityManagerFactory" ref="entityManagerFactory" />
	</bean>

	<bean
		class="org.springframework.dao.annotation.PersistenceExceptionTranslationPostProcessor" />

	<!-- Transacao com @Transaction -->
	<tx:annotation-driven transaction-manager="transactionManager" />

	<!-- @Autowire -->
	<context:annotation-config />
	<!-- Spring AOP AspectJ <aop:aspectj-autoproxy /> -->
</beans>
